Sol ID,Live Count,Amt
0007,18,Aug'16
0037,42,Aug'16
0155,5,Aug'16
0160,16,Aug'16
0171,124,Aug'16
0313,35,Aug'16
0316,3,Aug'16
0335,42,Aug'16
0423,32,Aug'16
0488,56,Aug'16
0542,31,Aug'16
0713,211,Aug'16
0714,27,Aug'16
0717,10,Aug'16
0719,16,Aug'16
0720,30,Aug'16
0826,12,Aug'16
0827,14,Aug'16
0829,2,Aug'16
1023,48,Aug'16
1125,98,Aug'16
1128,29,Aug'16
1358,8,Aug'16
1650,25,Aug'16
1694,70,Aug'16
1823,9,Aug'16
6291,14,Aug'16
6292,12,Aug'16
6294,36,Aug'16
6295,8,Aug'16
6297,89,Aug'16
6640,108,Aug'16
6641,7,Aug'16
0722,53,Aug'16
0071,61,Aug'16
0225,50,Aug'16
0331,25,Aug'16
1024,23,Aug'16
1354,10,Aug'16
1821,168,Aug'16
0396,75,Aug'16
0029,24,Aug'16
0288,23,Aug'16
0330,77,Aug'16
0831,24,Aug'16
1139,16,Aug'16
0065,67,Aug'16
0087,74,Aug'16
0332,29,Aug'16
0367,25,Aug'16
0547,21,Aug'16
0842,11,Aug'16
0928,3,Aug'16
1129,6,Aug'16
1132,11,Aug'16
1136,17,Aug'16
1356,33,Aug'16
6296,48,Aug'16
6300,22,Aug'16
6633,18,Aug'16
0378,33,Aug'16
1005,56,Aug'16
1134,40,Aug'16
6629,47,Aug'16
6632,92,Aug'16
6634,3,Aug'16
0333,27,Aug'16
0715,9,Aug'16
1818,15,Aug'16
2122,1,Aug'16
6298,51,Aug'16
0154,10,Aug'16
0364,6,Aug'16
1357,20,Aug'16
6630,2,Aug'16
0224,37,Aug'16
0387,13,Aug'16
1126,14,Aug'16
1137,22,Aug'16
1138,10,Aug'16
1355,43,Aug'16
1822,11,Aug'16
1946,2,Aug'16
1824,20,Aug'16
0369,18,Aug'16
6301,10,Aug'16
6635,8,Aug'16
6639,8,Aug'16
0830,16,Aug'16
1351,28,Aug'16
1004,15,Aug'16
1131,7,Aug'16
2353,13,Aug'16
1133,8,Aug'16
6636,4,Aug'16
0311,3,Aug'16
0724,10,Aug'16
1825,15,Aug'16
2354,60,Aug'16
2355,62,Aug'16
6626,13,Aug'16
6631,26,Aug'16
6643,19,Aug'16
0322,14,Aug'16
0343,13,Aug'16
0571,26,Aug'16
3361,14,Aug'16
0721,2,Aug'16
3543,12,Aug'16
0046,3,Aug'16
1025,251,Aug'16
1079,85,Aug'16
6303,24,Aug'16
6613,74,Aug'16
0083,123,Aug'16
0857,25,Aug'16
1401,6,Aug'16
1400,182,Aug'16
2358,33,Aug'16
1842,21,Aug'16
0031,99,Aug'16
6284,41,Aug'16
1070,137,Aug'16
0253,30,Aug'16
1578,5,Aug'16
0888,82,Aug'16
6286,45,Aug'16
0718,113,Aug'16
0885,20,Aug'16
1256,127,Aug'16
6955,51,Aug'16
1255,8,Aug'16
1254,26,Aug'16
6956,9,Aug'16
0021,109,Aug'16
0910,61,Aug'16
1069,84,Aug'16
6614,18,Aug'16
0177,18,Aug'16
1031,51,Aug'16
1148,13,Aug'16
0858,32,Aug'16
1146,24,Aug'16
0314,47,Aug'16
6615,2,Aug'16
3709,1,Aug'16
0185,188,Aug'16
1182,51,Aug'16
6804,66,Aug'16
6805,37,Aug'16
6806,122,Aug'16
6807,85,Aug'16
6808,67,Aug'16
6813,117,Aug'16
6837,364,Aug'16
6838,746,Aug'16
6839,121,Aug'16
0285,314,Aug'16
0509,127,Aug'16
0792,577,Aug'16
1530,132,Aug'16
6736,98,Aug'16
6737,30,Aug'16
1744,20,Aug'16
6856,362,Aug'16
6857,272,Aug'16
0246,98,Aug'16
6663,148,Aug'16
6665,144,Aug'16
6666,156,Aug'16
6664,217,Aug'16
0234,376,Aug'16
6697,28,Aug'16
6698,236,Aug'16
6699,94,Aug'16
6700,206,Aug'16
6703,64,Aug'16
6702,262,Aug'16
0647,137,Aug'16
0734,260,Aug'16
0797,604,Aug'16
6707,56,Aug'16
6732,487,Aug'16
6733,61,Aug'16
6618,31,Aug'16
2826,72,Aug'16
6709,166,Aug'16
6710,304,Aug'16
0012,220,Aug'16
0235,174,Aug'16
0315,115,Aug'16
0550,54,Aug'16
0650,300,Aug'16
6743,67,Aug'16
6745,110,Aug'16
6746,84,Aug'16
6747,102,Aug'16
6749,68,Aug'16
6750,78,Aug'16
6751,102,Aug'16
6752,27,Aug'16
6753,58,Aug'16
6754,19,Aug'16
6755,5,Aug'16
6757,220,Aug'16
6758,66,Aug'16
6759,200,Aug'16
6760,71,Aug'16
6761,134,Aug'16
6762,154,Aug'16
6764,159,Aug'16
6765,63,Aug'16
6769,72,Aug'16
6770,13,Aug'16
6771,98,Aug'16
6772,56,Aug'16
6774,118,Aug'16
6776,55,Aug'16
6779,35,Aug'16
6780,123,Aug'16
6781,73,Aug'16
6782,98,Aug'16
6784,45,Aug'16
6785,136,Aug'16
6788,117,Aug'16
6790,109,Aug'16
6742,59,Aug'16
6786,47,Aug'16
6775,76,Aug'16
6744,33,Aug'16
6748,1,Aug'16
6756,39,Aug'16
6783,8,Aug'16
6768,4,Aug'16
3613,41,Aug'16
3614,13,Aug'16
3616,75,Aug'16
3617,2,Aug'16
3615,20,Aug'16
6787,1,Aug'16
0461,11,Aug'16
0799,196,Aug'16
6715,371,Aug'16
0167,207,Aug'16
0800,145,Aug'16
6825,128,Aug'16
6826,110,Aug'16
6827,153,Aug'16
6828,317,Aug'16
6829,84,Aug'16
6830,128,Aug'16
6831,182,Aug'16
6833,122,Aug'16
6834,75,Aug'16
6835,316,Aug'16
2197,137,Aug'16
0184,612,Aug'16
1539,78,Aug'16
6870,170,Aug'16
6871,152,Aug'16
6874,5,Aug'16
6875,153,Aug'16
6877,63,Aug'16
6878,125,Aug'16
6879,230,Aug'16
6882,42,Aug'16
6883,97,Aug'16
6873,144,Aug'16
0654,242,Aug'16
6842,138,Aug'16
6843,114,Aug'16
3500,48,Aug'16
0626,162,Aug'16
1629,299,Aug'16
2141,90,Aug'16
6620,36,Aug'16
0656,129,Aug'16
6892,8,Aug'16
0657,511,Aug'16
6730,311,Aug'16
6801,111,Aug'16
0045,96,Aug'16
0883,87,Aug'16
1679,57,Aug'16
6931,190,Aug'16
6932,197,Aug'16
6933,193,Aug'16
6934,66,Aug'16
6935,105,Aug'16
6936,138,Aug'16
6938,63,Aug'16
6939,153,Aug'16
6941,80,Aug'16
6942,19,Aug'16
6943,76,Aug'16
6940,501,Aug'16
6937,38,Aug'16
0351,93,Aug'16
0808,58,Aug'16
1050,80,Aug'16
1566,44,Aug'16
1567,124,Aug'16
1568,74,Aug'16
6287,213,Aug'16
1914,54,Aug'16
0327,184,Aug'16
0971,79,Aug'16
3186,122,Aug'16
0309,111,Aug'16
0660,161,Aug'16
1570,193,Aug'16
1571,144,Aug'16
6282,158,Aug'16
2314,81,Aug'16
3187,174,Aug'16
3188,135,Aug'16
0912,190,Aug'16
1052,170,Aug'16
3189,89,Aug'16
0516,347,Aug'16
1574,165,Aug'16
3190,68,Aug'16
0809,289,Aug'16
1767,442,Aug'16
0661,281,Aug'16
1015,169,Aug'16
0515,145,Aug'16
0972,281,Aug'16
3192,79,Aug'16
0192,254,Aug'16
1020,217,Aug'16
1915,184,Aug'16
3193,186,Aug'16
0662,428,Aug'16
0663,176,Aug'16
0997,278,Aug'16
1575,228,Aug'16
1785,161,Aug'16
3194,219,Aug'16
0973,254,Aug'16
1916,141,Aug'16
0905,333,Aug'16
2590,214,Aug'16
0164,187,Aug'16
0979,351,Aug'16
1593,152,Aug'16
1594,62,Aug'16
1595,54,Aug'16
1596,157,Aug'16
1796,159,Aug'16
6954,84,Aug'16
2438,66,Aug'16
0664,190,Aug'16
3195,146,Aug'16
0810,316,Aug'16
0811,336,Aug'16
3196,115,Aug'16
0290,124,Aug'16
1572,124,Aug'16
3197,89,Aug'16
0813,307,Aug'16
3198,99,Aug'16
2441,105,Aug'16
0814,55,Aug'16
3199,38,Aug'16
0974,81,Aug'16
1576,148,Aug'16
3200,201,Aug'16
1257,233,Aug'16
1784,414,Aug'16
2458,90,Aug'16
0906,233,Aug'16
0817,313,Aug'16
0319,317,Aug'16
0907,247,Aug'16
1573,229,Aug'16
1919,233,Aug'16
1920,132,Aug'16
3201,105,Aug'16
0347,922,Aug'16
0665,550,Aug'16
3202,146,Aug'16
0239,239,Aug'16
0913,252,Aug'16
2459,142,Aug'16
0889,56,Aug'16
0890,322,Aug'16
3203,98,Aug'16
0249,130,Aug'16
1581,86,Aug'16
1763,84,Aug'16
1765,291,Aug'16
1104,113,Aug'16
0326,390,Aug'16
0600,165,Aug'16
0832,145,Aug'16
0998,89,Aug'16
1046,94,Aug'16
1583,134,Aug'16
1921,65,Aug'16
6288,346,Aug'16
6957,45,Aug'16
2372,139,Aug'16
3204,238,Aug'16
3518,1,Aug'16
1984,40,Aug'16
1001,43,Aug'16
1742,298,Aug'16
3206,156,Aug'16
1051,461,Aug'16
1054,1174,Aug'16
1725,887,Aug'16
3205,466,Aug'16
0214,91,Aug'16
0318,136,Aug'16
0325,141,Aug'16
0591,183,Aug'16
0833,82,Aug'16
1033,159,Aug'16
1047,105,Aug'16
1048,75,Aug'16
1258,112,Aug'16
1259,57,Aug'16
1260,87,Aug'16
1261,45,Aug'16
1262,134,Aug'16
1263,67,Aug'16
1264,95,Aug'16
1265,89,Aug'16
1671,32,Aug'16
6281,241,Aug'16
6958,39,Aug'16
6959,65,Aug'16
6961,12,Aug'16
2376,99,Aug'16
3566,2,Aug'16
1391,219,Aug'16
0274,184,Aug'16
1017,97,Aug'16
1582,106,Aug'16
1585,109,Aug'16
0666,254,Aug'16
0368,191,Aug'16
0667,131,Aug'16
0975,306,Aug'16
1266,173,Aug'16
1267,261,Aug'16
6285,350,Aug'16
6962,143,Aug'16
6963,53,Aug'16
6964,84,Aug'16
3207,149,Aug'16
3581,3,Aug'16
0818,505,Aug'16
3208,122,Aug'16
0190,114,Aug'16
0514,115,Aug'16
1586,264,Aug'16
1587,261,Aug'16
0436,388,Aug'16
0668,564,Aug'16
1588,182,Aug'16
1783,535,Aug'16
1922,261,Aug'16
3209,403,Aug'16
0240,213,Aug'16
0980,513,Aug'16
1599,131,Aug'16
1924,86,Aug'16
1018,200,Aug'16
1176,182,Aug'16
1597,196,Aug'16
0976,142,Aug'16
3210,192,Aug'16
1589,111,Aug'16
0819,198,Aug'16
0812,188,Aug'16
0977,175,Aug'16
1726,138,Aug'16
0669,210,Aug'16
3211,404,Aug'16
0191,270,Aug'16
1923,227,Aug'16
3212,129,Aug'16
0820,198,Aug'16
0908,345,Aug'16
3213,226,Aug'16
0821,376,Aug'16
0978,518,Aug'16
3214,297,Aug'16
0891,245,Aug'16
1081,237,Aug'16
1591,185,Aug'16
0443,252,Aug'16
0892,176,Aug'16
0533,301,Aug'16
0909,501,Aug'16
1600,154,Aug'16
1601,500,Aug'16
1794,222,Aug'16
1990,284,Aug'16
3508,1,Aug'16
0822,161,Aug'16
3215,193,Aug'16
0310,458,Aug'16
1297,214,Aug'16
1592,257,Aug'16
2179,136,Aug'16
6283,714,Aug'16
2404,345,Aug'16
3512,7,Aug'16
3511,26,Aug'16
2306,201,Aug'16
2302,152,Aug'16
3191,79,Aug'16
2413,32,Aug'16
2428,78,Aug'16
2508,113,Aug'16
2566,25,Aug'16
2547,41,Aug'16
1731,42,Aug'16
0233,67,Aug'16
2409,26,Aug'16
0066,114,Aug'16
0238,146,Aug'16
0554,86,Aug'16
0608,117,Aug'16
1893,60,Aug'16
6588,33,Aug'16
6593,59,Aug'16
2315,53,Aug'16
2316,63,Aug'16
3578,13,Aug'16
3606,17,Aug'16
3665,19,Aug'16
3666,27,Aug'16
3667,19,Aug'16
0163,154,Aug'16
6590,43,Aug'16
2416,60,Aug'16
3579,173,Aug'16
3670,28,Aug'16
3671,4,Aug'16
3728,18,Aug'16
0729,271,Aug'16
3600,76,Aug'16
0735,91,Aug'16
1992,216,Aug'16
2630,6,Aug'16
0013,61,Aug'16
0362,47,Aug'16
0782,61,Aug'16
0964,52,Aug'16
1084,58,Aug'16
1340,72,Aug'16
1341,23,Aug'16
1342,29,Aug'16
1343,9,Aug'16
1813,68,Aug'16
6322,96,Aug'16
6591,35,Aug'16
6592,30,Aug'16
2429,13,Aug'16
3415,22,Aug'16
3417,19,Aug'16
3416,7,Aug'16
3704,9,Aug'16
3607,3,Aug'16
3705,12,Aug'16
3713,11,Aug'16
0450,129,Aug'16
0965,56,Aug'16
1298,167,Aug'16
2415,23,Aug'16
0502,122,Aug'16
0172,323,Aug'16
6616,142,Aug'16
3377,73,Aug'16
2461,51,Aug'16
3604,132,Aug'16
0236,63,Aug'16
3427,21,Aug'16
3740,1,Aug'16
0082,101,Aug'16
0273,67,Aug'16
0612,46,Aug'16
1510,49,Aug'16
1511,66,Aug'16
1512,70,Aug'16
2176,40,Aug'16
2467,26,Aug'16
2468,19,Aug'16
3429,9,Aug'16
3576,3,Aug'16
3612,5,Aug'16
3732,4,Aug'16
3745,1,Aug'16
0266,138,Aug'16
0863,49,Aug'16
1041,54,Aug'16
1847,46,Aug'16
6945,66,Aug'16
2471,73,Aug'16
2646,48,Aug'16
2469,52,Aug'16
2645,37,Aug'16
3406,50,Aug'16
2470,16,Aug'16
2644,13,Aug'16
3392,8,Aug'16
0500,169,Aug'16
0936,124,Aug'16
1406,82,Aug'16
3738,1,Aug'16
6321,42,Aug'16
3673,13,Aug'16
3747,2,Aug'16
3739,4,Aug'16
0173,112,Aug'16
6617,88,Aug'16
2479,107,Aug'16
2480,18,Aug'16
3703,19,Aug'16
1619,34,Aug'16
0736,175,Aug'16
0594,166,Aug'16
2493,81,Aug'16
0017,179,Aug'16
0363,172,Aug'16
0413,206,Aug'16
0578,113,Aug'16
0642,61,Aug'16
0880,70,Aug'16
0966,57,Aug'16
1515,104,Aug'16
2180,27,Aug'16
6319,288,Aug'16
2377,41,Aug'16
3371,17,Aug'16
3367,16,Aug'16
2378,29,Aug'16
3660,49,Aug'16
3661,25,Aug'16
3663,5,Aug'16
3364,28,Aug'16
3662,21,Aug'16
3659,8,Aug'16
0451,151,Aug'16
2123,54,Aug'16
0237,127,Aug'16
6599,54,Aug'16
3568,28,Aug'16
0043,36,Aug'16
0935,31,Aug'16
1845,20,Aug'16
2511,3,Aug'16
3411,1,Aug'16
3414,16,Aug'16
0174,250,Aug'16
6619,84,Aug'16
2512,21,Aug'16
0162,239,Aug'16
0790,112,Aug'16
6603,102,Aug'16
2513,50,Aug'16
0168,146,Aug'16
6621,58,Aug'16
2522,36,Aug'16
0058,190,Aug'16
1525,27,Aug'16
1896,30,Aug'16
6600,20,Aug'16
3256,40,Aug'16
3421,2,Aug'16
1626,422,Aug'16
1698,135,Aug'16
6353,365,Aug'16
3668,28,Aug'16
0628,157,Aug'16
1407,70,Aug'16
0733,197,Aug'16
6622,92,Aug'16
3598,131,Aug'16
3597,27,Aug'16
0499,31,Aug'16
0504,56,Aug'16
6589,43,Aug'16
3736,8,Aug'16
3727,6,Aug'16
3672,8,Aug'16
0302,158,Aug'16
1405,125,Aug'16
6623,116,Aug'16
2526,25,Aug'16
0447,67,Aug'16
1408,128,Aug'16
0506,88,Aug'16
2379,10,Aug'16
0247,54,Aug'16
6624,80,Aug'16
2466,49,Aug'16
2543,18,Aug'16
2557,38,Aug'16
0271,89,Aug'16
2620,32,Aug'16
3930,8,Aug'16
3743,3,Aug'16
0407,84,Aug'16
2527,92,Aug'16
2528,11,Aug'16
2529,21,Aug'16
1846,102,Aug'16
2619,24,Aug'16
2596,43,Aug'16
2601,23,Aug'16
2559,16,Aug'16
2568,25,Aug'16
3407,7,Aug'16
3669,3,Aug'16
2602,19,Aug'16
2606,7,Aug'16
2546,101,Aug'16
1325,221,Aug'16
0430,772,Aug'16
2556,108,Aug'16
0431,305,Aug'16
1808,137,Aug'16
2607,112,Aug'16
2594,171,Aug'16
3707,44,Aug'16
0622,389,Aug'16
0265,669,Aug'16
0474,262,Aug'16
1848,122,Aug'16
2427,152,Aug'16
0465,262,Aug'16
0924,171,Aug'16
2437,133,Aug'16
0629,249,Aug'16
0196,452,Aug'16
0475,143,Aug'16
1410,182,Aug'16
1411,170,Aug'16
3346,24,Aug'16
0630,212,Aug'16
1334,477,Aug'16
1621,552,Aug'16
0434,36,Aug'16
2574,78,Aug'16
0463,608,Aug'16
1809,171,Aug'16
2560,20,Aug'16
2486,16,Aug'16
0631,129,Aug'16
0632,97,Aug'16
0710,336,Aug'16
0633,325,Aug'16
0433,413,Aug'16
0489,159,Aug'16
2460,97,Aug'16
3521,22,Aug'16
1976,198,Aug'16
1326,269,Aug'16
1633,346,Aug'16
1810,56,Aug'16
1006,157,Aug'16
1327,596,Aug'16
1635,67,Aug'16
1328,182,Aug'16
2134,116,Aug'16
1329,309,Aug'16
0306,897,Aug'16
1330,423,Aug'16
3345,250,Aug'16
3344,84,Aug'16
2507,23,Aug'16
1331,184,Aug'16
1332,294,Aug'16
0737,692,Aug'16
0307,463,Aug'16
0404,494,Aug'16
0579,193,Aug'16
0616,234,Aug'16
1333,170,Aug'16
6259,277,Aug'16
6349,195,Aug'16
2304,98,Aug'16
2436,164,Aug'16
2385,91,Aug'16
2382,104,Aug'16
1943,93,Aug'16
2383,59,Aug'16
3339,75,Aug'16
2381,21,Aug'16
3340,36,Aug'16
3343,76,Aug'16
3342,23,Aug'16
3341,18,Aug'16
3297,24,Aug'16
3708,49,Aug'16
2485,17,Aug'16
2476,6,Aug'16
2518,5,Aug'16
0712,297,Aug'16
1975,202,Aug'16
1772,105,Aug'16
0175,327,Aug'16
0292,229,Aug'16
1149,102,Aug'16
1150,288,Aug'16
1151,142,Aug'16
1152,136,Aug'16
6350,63,Aug'16
1947,87,Aug'16
2519,73,Aug'16
2520,25,Aug'16
2605,33,Aug'16
3347,49,Aug'16
2514,15,Aug'16
1335,435,Aug'16
2439,139,Aug'16
1811,78,Aug'16
1336,372,Aug'16
2406,80,Aug'16
2604,49,Aug'16
0925,403,Aug'16
2431,57,Aug'16
1773,86,Aug'16
1337,412,Aug'16
1338,241,Aug'16
1339,415,Aug'16
0711,275,Aug'16
0634,248,Aug'16
1849,201,Aug'16
2572,17,Aug'16
2608,55,Aug'16
2558,140,Aug'16
2573,105,Aug'16
2584,38,Aug'16
3699,73,Aug'16
3706,9,Aug'16
0089,472,Aug'16
0605,212,Aug'16
1412,166,Aug'16
1657,88,Aug'16
2473,45,Aug'16
2474,192,Aug'16
2495,21,Aug'16
2563,13,Aug'16
3884,12,Aug'16
0772,3,Aug'16
0838,117,Aug'16
0708,203,Aug'16
3251,9,Aug'16
0619,640,Aug'16
2524,61,Aug'16
3290,96,Aug'16
2172,13,Aug'16
0670,859,Aug'16
1609,626,Aug'16
0896,1418,Aug'16
2050,608,Aug'16
0208,115,Aug'16
0981,58,Aug'16
1929,60,Aug'16
2002,8,Aug'16
6354,13,Aug'16
6953,59,Aug'16
1930,85,Aug'16
3332,18,Aug'16
1321,718,Aug'16
1322,121,Aug'16
0213,245,Aug'16
0839,347,Aug'16
1995,253,Aug'16
2440,30,Aug'16
0476,22,Aug'16
0352,42,Aug'16
0470,35,Aug'16
1399,7,Aug'16
1764,125,Aug'16
1323,87,Aug'16
3248,47,Aug'16
2135,106,Aug'16
2643,755,Aug'16
3329,247,Aug'16
0959,1309,Aug'16
2463,753,Aug'16
2583,720,Aug'16
0960,74,Aug'16
0898,355,Aug'16
0899,147,Aug'16
2037,180,Aug'16
2550,34,Aug'16
2174,35,Aug'16
2621,94,Aug'16
0473,354,Aug'16
6646,48,Aug'16
3252,51,Aug'16
2595,11,Aug'16
0620,227,Aug'16
1799,134,Aug'16
1324,480,Aug'16
0472,1746,Aug'16
2588,132,Aug'16
2720,31,Aug'16
0527,7086,Aug'16
0902,3617,Aug'16
2015,2161,Aug'16
2019,2641,Aug'16
3331,786,Aug'16
0707,495,Aug'16
1996,164,Aug'16
2114,132,Aug'16
2154,56,Aug'16
2102,753,Aug'16
2168,291,Aug'16
0621,1408,Aug'16
2155,60,Aug'16
0709,654,Aug'16
2610,80,Aug'16
3250,54,Aug'16
2013,2178,Aug'16
2040,972,Aug'16
0923,152,Aug'16
2718,76,Aug'16
1766,26,Aug'16
6647,15,Aug'16
0536,131,Aug'16
0825,658,Aug'16
1618,379,Aug'16
2717,460,Aug'16
0636,12,Aug'16
0471,334,Aug'16
2032,283,Aug'16
2147,497,Aug'16
2167,243,Aug'16
2170,52,Aug'16
0543,166,Aug'16
1299,100,Aug'16
1989,87,Aug'16
2106,61,Aug'16
2150,83,Aug'16
2151,106,Aug'16
6343,201,Aug'16
6645,55,Aug'16
2453,159,Aug'16
2721,66,Aug'16
2454,48,Aug'16
2782,40,Aug'16
2456,28,Aug'16
3326,5,Aug'16
3324,19,Aug'16
3863,9,Aug'16
2455,12,Aug'16
2173,11,Aug'16
2617,106,Aug'16
2623,2,Aug'16
2633,6,Aug'16
2716,14,Aug'16
2719,59,Aug'16
0460,961,Aug'16
0773,703,Aug'16
2026,545,Aug'16
2565,648,Aug'16
3044,241,Aug'16
3048,108,Aug'16
3674,54,Aug'16
0525,1342,Aug'16
3676,397,Aug'16
3677,1011,Aug'16
0530,806,Aug'16
0609,2346,Aug'16
0962,5512,Aug'16
2164,2308,Aug'16
1977,130,Aug'16
3282,137,Aug'16
1085,949,Aug'16
2639,233,Aug'16
3281,280,Aug'16
0774,4521,Aug'16
3687,651,Aug'16
0282,269,Aug'16
1344,271,Aug'16
1814,249,Aug'16
2425,202,Aug'16
2426,75,Aug'16
3280,191,Aug'16
1013,1566,Aug'16
1495,364,Aug'16
1969,195,Aug'16
6342,657,Aug'16
6587,381,Aug'16
2433,226,Aug'16
2434,91,Aug'16
2435,52,Aug'16
0840,139,Aug'16
3716,70,Aug'16
0775,2113,Aug'16
2035,456,Aug'16
0186,166,Aug'16
0623,60,Aug'16
1815,145,Aug'16
1816,33,Aug'16
3284,28,Aug'16
0638,773,Aug'16
3277,530,Aug'16
3894,34,Aug'16
0270,455,Aug'16
1497,285,Aug'16
1498,988,Aug'16
2036,241,Aug'16
2419,175,Aug'16
3268,313,Aug'16
3270,183,Aug'16
0467,1021,Aug'16
0776,1485,Aug'16
2649,1089,Aug'16
3053,1742,Aug'16
3273,799,Aug'16
3274,347,Aug'16
0592,712,Aug'16
2034,1790,Aug'16
2162,904,Aug'16
2023,285,Aug'16
3266,990,Aug'16
1774,210,Aug'16
2119,548,Aug'16
0468,431,Aug'16
3679,42,Aug'16
0987,79,Aug'16
0777,604,Aug'16
0778,751,Aug'16
0639,960,Aug'16
3279,305,Aug'16
3133,78,Aug'16
0469,1105,Aug'16
0640,271,Aug'16
0779,770,Aug'16
3055,48,Aug'16
3688,391,Aug'16
0641,3307,Aug'16
1632,3071,Aug'16
2581,1100,Aug'16
3064,661,Aug'16
3261,1220,Aug'16
0353,150,Aug'16
2165,88,Aug'16
3288,93,Aug'16
2804,26,Aug'16
1625,378,Aug'16
3605,53,Aug'16
0841,379,Aug'16
0963,607,Aug'16
1502,358,Aug'16
3049,165,Aug'16
3263,249,Aug'16
0995,2450,Aug'16
1496,2596,Aug'16
3262,728,Aug'16
0780,5489,Aug'16
3258,1181,Aug'16
0875,1499,Aug'16
3686,446,Aug'16
0926,225,Aug'16
2022,369,Aug'16
3718,30,Aug'16
3722,79,Aug'16
3723,25,Aug'16
0161,150,Aug'16
1345,93,Aug'16
1346,77,Aug'16
1347,74,Aug'16
1348,85,Aug'16
1349,81,Aug'16
1817,37,Aug'16
6581,19,Aug'16
2551,62,Aug'16
2516,59,Aug'16
2515,66,Aug'16
3717,52,Aug'16
0624,161,Aug'16
0781,482,Aug'16
3057,192,Aug'16
3047,56,Aug'16
0194,187,Aug'16
2523,93,Aug'16
3675,192,Aug'16
0195,803,Aug'16
0876,1383,Aug'16
1471,891,Aug'16
1503,356,Aug'16
1891,163,Aug'16
2163,86,Aug'16
2521,139,Aug'16
3059,51,Aug'16
3060,55,Aug'16
3062,210,Aug'16
2722,62,Aug'16
0425,156,Aug'16
0061,1230,Aug'16
0284,568,Aug'16
0464,2325,Aug'16
1499,405,Aug'16
1500,484,Aug'16
1970,165,Aug'16
1971,333,Aug'16
1985,1130,Aug'16
6586,349,Aug'16
2423,104,Aug'16
2552,1278,Aug'16
2424,67,Aug'16
3259,3377,Aug'16
3685,201,Aug'16
3691,20,Aug'16
3054,43,Aug'16
3689,762,Aug'16
3690,128,Aug'16
0637,510,Aug'16
3678,294,Aug'16
3601,76,Aug'16
3683,87,Aug'16
3684,191,Aug'16
3724,77,Aug'16
3682,58,Aug'16
3052,222,Aug'16
3721,4,Aug'16
0893,1024,Aug'16
1925,123,Aug'16
0528,394,Aug'16
0895,395,Aug'16
1603,148,Aug'16
0405,136,Aug'16
0823,694,Aug'16
0897,529,Aug'16
0982,93,Aug'16
1003,104,Aug'16
1607,60,Aug'16
1608,120,Aug'16
2609,132,Aug'16
2412,46,Aug'16
2414,71,Aug'16
2420,74,Aug'16
2580,40,Aug'16
2462,25,Aug'16
1604,39,Aug'16
1605,115,Aug'16
1606,134,Aug'16
1931,126,Aug'16
6280,199,Aug'16
6948,42,Aug'16
6949,44,Aug'16
2554,81,Aug'16
2359,78,Aug'16
2542,341,Aug'16
2618,269,Aug'16
0006,70,Aug'16
0034,80,Aug'16
0042,32,Aug'16
0312,14,Aug'16
0317,50,Aug'16
0328,30,Aug'16
0349,71,Aug'16
0355,75,Aug'16
0371,29,Aug'16
0372,39,Aug'16
0392,186,Aug'16
0540,22,Aug'16
0837,60,Aug'16
0864,38,Aug'16
0900,81,Aug'16
0901,33,Aug'16
0983,115,Aug'16
1049,53,Aug'16
1064,62,Aug'16
1065,44,Aug'16
1270,33,Aug'16
1271,55,Aug'16
1272,52,Aug'16
1273,71,Aug'16
1274,16,Aug'16
1275,44,Aug'16
1276,81,Aug'16
1277,67,Aug'16
1278,44,Aug'16
1279,30,Aug'16
1281,25,Aug'16
1282,177,Aug'16
1285,1,Aug'16
1286,32,Aug'16
1287,73,Aug'16
1288,42,Aug'16
1289,29,Aug'16
1290,50,Aug'16
1292,98,Aug'16
1293,31,Aug'16
1294,381,Aug'16
1296,91,Aug'16
1300,55,Aug'16
1301,14,Aug'16
1932,42,Aug'16
2139,320,Aug'16
6275,61,Aug'16
6277,206,Aug'16
6278,59,Aug'16
6279,61,Aug'16
6952,2,Aug'16
1973,39,Aug'16
1616,11,Aug'16
2790,16,Aug'16
6946,13,Aug'16
2374,55,Aug'16
3298,40,Aug'16
3304,36,Aug'16
3314,13,Aug'16
3315,12,Aug'16
6947,28,Aug'16
3317,6,Aug'16
3318,8,Aug'16
3319,22,Aug'16
3294,17,Aug'16
3306,5,Aug'16
3295,2,Aug'16
2659,1,Aug'16
2665,1,Aug'16
2691,2,Aug'16
2705,3,Aug'16
0421,165,Aug'16
1610,80,Aug'16
1933,211,Aug'16
2562,133,Aug'16
2499,202,Aug'16
2712,795,Aug'16
3878,11,Aug'16
0824,117,Aug'16
0914,360,Aug'16
1056,13,Aug'16
1100,62,Aug'16
1103,16,Aug'16
1280,94,Aug'16
1302,58,Aug'16
1584,101,Aug'16
1611,88,Aug'16
1612,351,Aug'16
1613,156,Aug'16
1614,67,Aug'16
1617,49,Aug'16
2570,99,Aug'16
2843,61,Aug'16
2714,96,Aug'16
2478,45,Aug'16
2481,37,Aug'16
2502,44,Aug'16
6950,72,Aug'16
3307,5,Aug'16
3881,1,Aug'16
0597,269,Aug'16
0834,166,Aug'16
1615,987,Aug'16
2678,1,Aug'16
0903,816,Aug'16
1101,1074,Aug'16
2564,620,Aug'16
2171,2215,Aug'16
3507,57,Aug'16
0904,290,Aug'16
0524,869,Aug'16
0835,200,Aug'16
1283,23,Aug'16
2198,214,Aug'16
2709,922,Aug'16
2713,658,Aug'16
2641,10,Aug'16
2517,33,Aug'16
2561,330,Aug'16
3255,112,Aug'16
3300,269,Aug'16
3299,27,Aug'16
0188,85,Aug'16
0264,111,Aug'16
0291,86,Aug'16
0894,717,Aug'16
1002,921,Aug'16
1801,957,Aug'16
1926,93,Aug'16
1927,101,Aug'16
1928,53,Aug'16
2031,573,Aug'16
2169,102,Aug'16
2492,18,Aug'16
3323,7,Aug'16
3320,34,Aug'16
2710,116,Aug'16
0617,248,Aug'16
0618,1490,Aug'16
1533,1664,Aug'16
6648,36,Aug'16
0439,1466,Aug'16
0671,1490,Aug'16
0672,443,Aug'16
1034,1612,Aug'16
1305,849,Aug'16
1306,751,Aug'16
3551,194,Aug'16
1166,593,Aug'16
6309,1977,Aug'16
2537,370,Aug'16
0280,450,Aug'16
1185,346,Aug'16
6315,626,Aug'16
2477,80,Aug'16
6307,1056,Aug'16
2531,680,Aug'16
6649,227,Aug'16
3626,40,Aug'16
3846,26,Aug'16
0008,12,Aug'16
0048,1,Aug'16
0069,323,Aug'16
0075,149,Aug'16
0183,12,Aug'16
0202,37,Aug'16
0242,40,Aug'16
0243,148,Aug'16
0244,22,Aug'16
0245,71,Aug'16
0304,125,Aug'16
0370,145,Aug'16
0588,213,Aug'16
0596,105,Aug'16
0680,18,Aug'16
0681,9,Aug'16
1035,114,Aug'16
1111,63,Aug'16
1112,79,Aug'16
1113,67,Aug'16
1115,76,Aug'16
1116,92,Aug'16
1117,12,Aug'16
1118,84,Aug'16
1120,87,Aug'16
1121,62,Aug'16
1122,47,Aug'16
1123,35,Aug'16
1124,34,Aug'16
6305,64,Aug'16
6308,45,Aug'16
6650,12,Aug'16
0410,37,Aug'16
0598,43,Aug'16
0076,15,Aug'16
1942,55,Aug'16
0382,31,Aug'16
1114,7,Aug'16
1119,65,Aug'16
1941,18,Aug'16
2361,47,Aug'16
2364,46,Aug'16
2366,93,Aug'16
2362,24,Aug'16
3334,14,Aug'16
2363,18,Aug'16
2367,1,Aug'16
2365,1,Aug'16
2321,6,Aug'16
3886,1,Aug'16
0438,458,Aug'16
0682,1070,Aug'16
1307,194,Aug'16
2400,59,Aug'16
0684,445,Aug'16
0685,854,Aug'16
1308,491,Aug'16
0303,228,Aug'16
1309,86,Aug'16
1803,150,Aug'16
6306,777,Aug'16
6652,222,Aug'16
2368,38,Aug'16
2795,33,Aug'16
0599,956,Aug'16
6531,377,Aug'16
3547,39,Aug'16
1313,781,Aug'16
2386,22,Aug'16
1304,32,Aug'16
1314,219,Aug'16
1315,25,Aug'16
1316,21,Aug'16
1317,159,Aug'16
1318,18,Aug'16
1320,211,Aug'16
1805,120,Aug'16
1806,157,Aug'16
1807,54,Aug'16
2777,198,Aug'16
2798,78,Aug'16
2491,259,Aug'16
2799,65,Aug'16
6312,6,Aug'16
6310,651,Aug'16
2503,74,Aug'16
0700,89,Aug'16
0702,92,Aug'16
0201,768,Aug'16
0922,651,Aug'16
2303,394,Aug'16
0704,84,Aug'16
6313,287,Aug'16
2530,101,Aug'16
0674,729,Aug'16
0675,647,Aug'16
0060,129,Aug'16
0365,141,Aug'16
1108,239,Aug'16
1268,97,Aug'16
1269,159,Aug'16
1319,71,Aug'16
6316,111,Aug'16
2405,54,Aug'16
3253,95,Aug'16
3335,72,Aug'16
2494,76,Aug'16
0011,37,Aug'16
0018,115,Aug'16
0020,15,Aug'16
0026,59,Aug'16
0036,60,Aug'16
0057,4,Aug'16
0211,62,Aug'16
0267,52,Aug'16
0281,34,Aug'16
0320,75,Aug'16
0366,62,Aug'16
0377,71,Aug'16
0418,61,Aug'16
0420,56,Aug'16
0539,19,Aug'16
0546,41,Aug'16
0585,67,Aug'16
0740,20,Aug'16
0984,59,Aug'16
1012,67,Aug'16
1016,17,Aug'16
1019,44,Aug'16
1032,35,Aug'16
1071,50,Aug'16
1074,32,Aug'16
1086,20,Aug'16
1201,37,Aug'16
1206,24,Aug'16
1208,26,Aug'16
1209,18,Aug'16
1215,15,Aug'16
1218,33,Aug'16
1219,58,Aug'16
1223,48,Aug'16
1226,58,Aug'16
1228,27,Aug'16
1229,43,Aug'16
1230,54,Aug'16
1231,134,Aug'16
1232,38,Aug'16
1235,25,Aug'16
1236,167,Aug'16
1237,29,Aug'16
1239,28,Aug'16
1240,62,Aug'16
1241,43,Aug'16
1243,50,Aug'16
1244,56,Aug'16
1246,84,Aug'16
1248,46,Aug'16
1249,70,Aug'16
1252,27,Aug'16
1957,36,Aug'16
6237,59,Aug'16
6238,62,Aug'16
6412,41,Aug'16
6415,36,Aug'16
6419,43,Aug'16
6427,43,Aug'16
6434,57,Aug'16
6438,61,Aug'16
0988,60,Aug'16
1098,34,Aug'16
1194,116,Aug'16
0544,25,Aug'16
1044,55,Aug'16
6426,35,Aug'16
6429,37,Aug'16
6239,71,Aug'16
1200,72,Aug'16
1964,54,Aug'16
6414,53,Aug'16
1225,38,Aug'16
0158,111,Aug'16
0414,42,Aug'16
1207,51,Aug'16
1213,24,Aug'16
1216,24,Aug'16
0209,63,Aug'16
0383,25,Aug'16
1022,36,Aug'16
1026,17,Aug'16
1043,29,Aug'16
1204,40,Aug'16
1205,52,Aug'16
1214,24,Aug'16
1955,39,Aug'16
1959,36,Aug'16
1962,16,Aug'16
1963,24,Aug'16
1211,19,Aug'16
1960,9,Aug'16
6977,23,Aug'16
1199,5,Aug'16
3447,2,Aug'16
0595,81,Aug'16
0334,217,Aug'16
0994,69,Aug'16
1030,132,Aug'16
1480,33,Aug'16
1627,116,Aug'16
1692,28,Aug'16
1486,52,Aug'16
2779,36,Aug'16
0019,141,Aug'16
0022,32,Aug'16
0028,48,Aug'16
0049,4,Aug'16
0062,54,Aug'16
0063,49,Aug'16
0088,46,Aug'16
0203,2,Aug'16
0268,90,Aug'16
0408,200,Aug'16
0419,121,Aug'16
0884,134,Aug'16
0950,65,Aug'16
0951,43,Aug'16
1021,121,Aug'16
1067,47,Aug'16
1090,114,Aug'16
1210,55,Aug'16
1394,54,Aug'16
1444,24,Aug'16
1485,100,Aug'16
1488,31,Aug'16
1489,79,Aug'16
1490,82,Aug'16
1492,54,Aug'16
1493,43,Aug'16
1569,54,Aug'16
1728,102,Aug'16
1879,32,Aug'16
1885,105,Aug'16
1889,82,Aug'16
6983,61,Aug'16
1484,68,Aug'16
1066,70,Aug'16
1884,104,Aug'16
2497,46,Aug'16
0957,36,Aug'16
1882,73,Aug'16
2182,50,Aug'16
2787,53,Aug'16
2841,24,Aug'16
0956,26,Aug'16
1491,55,Aug'16
1880,18,Aug'16
3509,1,Aug'16
3525,17,Aug'16
1883,64,Aug'16
1888,38,Aug'16
1968,27,Aug'16
3058,23,Aug'16
3515,3,Aug'16
1487,2,Aug'16
3402,3,Aug'16
3405,1,Aug'16
0024,43,Aug'16
0064,24,Aug'16
0067,52,Aug'16
0189,33,Aug'16
0294,21,Aug'16
0295,33,Aug'16
0344,42,Aug'16
0345,180,Aug'16
0361,21,Aug'16
0457,46,Aug'16
0586,38,Aug'16
0625,35,Aug'16
0844,36,Aug'16
0845,84,Aug'16
0930,102,Aug'16
1367,16,Aug'16
1368,23,Aug'16
1369,18,Aug'16
1370,62,Aug'16
1371,31,Aug'16
1826,48,Aug'16
1827,32,Aug'16
1828,68,Aug'16
6244,156,Aug'16
0917,25,Aug'16
6548,11,Aug'16
6547,31,Aug'16
2313,29,Aug'16
2310,143,Aug'16
1740,57,Aug'16
2309,6,Aug'16
3466,113,Aug'16
3467,106,Aug'16
2308,11,Aug'16
3465,32,Aug'16
3463,13,Aug'16
2311,4,Aug'16
3240,6,Aug'16
3245,2,Aug'16
0085,141,Aug'16
0256,132,Aug'16
1830,47,Aug'16
0178,39,Aug'16
0258,9,Aug'16
1800,35,Aug'16
3625,1,Aug'16
2421,1,Aug'16
0272,301,Aug'16
6550,231,Aug'16
2422,53,Aug'16
0422,10,Aug'16
6554,15,Aug'16
1350,51,Aug'16
0165,79,Aug'16
1183,14,Aug'16
2006,51,Aug'16
3546,11,Aug'16
0205,536,Aug'16
0726,263,Aug'16
1376,89,Aug'16
2472,95,Aug'16
2631,96,Aug'16
3486,87,Aug'16
0308,255,Aug'16
1380,54,Aug'16
0260,41,Aug'16
2500,65,Aug'16
0257,306,Aug'16
0206,104,Aug'16
1382,16,Aug'16
1833,56,Aug'16
2130,55,Aug'16
1057,111,Aug'16
1770,154,Aug'16
0207,177,Aug'16
1709,1136,Aug'16
0153,37,Aug'16
0728,152,Aug'16
0848,65,Aug'16
1165,59,Aug'16
1383,113,Aug'16
1835,83,Aug'16
2011,64,Aug'16
6248,95,Aug'16
6553,38,Aug'16
2614,89,Aug'16
2395,126,Aug'16
2396,10,Aug'16
2498,40,Aug'16
2394,19,Aug'16
3624,29,Aug'16
3495,7,Aug'16
3311,8,Aug'16
3388,5,Aug'16
0052,42,Aug'16
0193,75,Aug'16
0584,855,Aug'16
0850,46,Aug'16
0851,88,Aug'16
0852,66,Aug'16
1385,228,Aug'16
1386,65,Aug'16
1387,9,Aug'16
1388,23,Aug'16
1836,392,Aug'16
1837,18,Aug'16
1838,381,Aug'16
6246,103,Aug'16
6557,33,Aug'16
2397,225,Aug'16
1389,188,Aug'16
1839,13,Aug'16
2725,9,Aug'16
2398,7,Aug'16
2399,25,Aug'16
3480,3,Aug'16
3478,2,Aug'16
0453,678,Aug'16
0003,48,Aug'16
0248,9,Aug'16
0853,41,Aug'16
0854,29,Aug'16
0855,19,Aug'16
1396,43,Aug'16
1841,30,Aug'16
6245,22,Aug'16
6549,23,Aug'16
3473,41,Aug'16
3410,1,Aug'16
0068,100,Aug'16
0179,138,Aug'16
0856,53,Aug'16
2145,250,Aug'16
6559,19,Aug'16
2613,46,Aug'16
0086,109,Aug'16
0259,101,Aug'16
0727,59,Aug'16
1058,309,Aug'16
1381,265,Aug'16
1624,40,Aug'16
1701,825,Aug'16
1702,92,Aug'16
2442,65,Aug'16
2443,55,Aug'16
3487,224,Aug'16
3537,355,Aug'16
3283,41,Aug'16
1857,765,Aug'16
1435,346,Aug'16
0055,165,Aug'16
0283,51,Aug'16
0590,97,Aug'16
1042,44,Aug'16
1188,69,Aug'16
1189,59,Aug'16
1190,82,Aug'16
1192,55,Aug'16
1193,139,Aug'16
6565,34,Aug'16
2341,25,Aug'16
3471,24,Aug'16
3470,22,Aug'16
3472,20,Aug'16
3278,30,Aug'16
3897,4,Aug'16
3275,1,Aug'16
3271,2,Aug'16
0426,86,Aug'16
0511,1930,Aug'16
3285,18,Aug'16
0758,197,Aug'16
0759,412,Aug'16
1532,381,Aug'16
0197,435,Aug'16
1437,262,Aug'16
1438,169,Aug'16
1439,240,Aug'16
1858,84,Aug'16
6567,106,Aug'16
6568,61,Aug'16
0041,244,Aug'16
0241,176,Aug'16
0916,101,Aug'16
0945,99,Aug'16
0946,82,Aug'16
1441,101,Aug'16
1717,191,Aug'16
1859,48,Aug'16
6569,98,Aug'16
6570,118,Aug'16
6571,123,Aug'16
6572,146,Aug'16
6573,49,Aug'16
6574,110,Aug'16
6575,91,Aug'16
2370,40,Aug'16
2371,80,Aug'16
2369,57,Aug'16
3477,20,Aug'16
3469,15,Aug'16
3287,28,Aug'16
0198,223,Aug'16
0762,83,Aug'16
6576,102,Aug'16
2465,52,Aug'16
2464,35,Aug'16
3497,60,Aug'16
3309,5,Aug'16
0763,169,Aug'16
1443,449,Aug'16
0991,179,Aug'16
6579,77,Aug'16
0992,461,Aug'16
1715,226,Aug'16
0765,190,Aug'16
6580,80,Aug'16
2597,54,Aug'16
1445,357,Aug'16
0390,152,Aug'16
6582,172,Aug'16
0948,516,Aug'16
3305,6,Aug'16
0949,130,Aug'16
1861,92,Aug'16
3389,1,Aug'16
0432,230,Aug'16
1736,244,Aug'16
1447,232,Aug'16
1448,710,Aug'16
1449,342,Aug'16
0513,187,Aug'16
1390,104,Aug'16
1450,203,Aug'16
0300,219,Aug'16
6585,248,Aug'16
2541,82,Aug'16
2642,12,Aug'16
3529,42,Aug'16
2611,27,Aug'16
3260,9,Aug'16
3269,17,Aug'16
0379,129,Aug'16
1622,522,Aug'16
6458,201,Aug'16
3247,15,Aug'16
0520,347,Aug'16
6968,147,Aug'16
0428,360,Aug'16
6969,177,Aug'16
3453,97,Aug'16
3847,7,Aug'16
0044,93,Aug'16
1105,278,Aug'16
1454,147,Aug'16
1455,275,Aug'16
1456,209,Aug'16
6970,130,Aug'16
3063,122,Aug'16
3504,40,Aug'16
1096,533,Aug'16
0870,75,Aug'16
2430,71,Aug'16
1865,461,Aug'16
6463,525,Aug'16
6546,91,Aug'16
3548,11,Aug'16
1072,171,Aug'16
0375,371,Aug'16
1457,143,Aug'16
0166,869,Aug'16
1459,104,Aug'16
6357,180,Aug'16
6358,303,Aug'16
6390,384,Aug'16
6973,139,Aug'16
0341,239,Aug'16
1699,147,Aug'16
0059,87,Aug'16
0231,167,Aug'16
1460,213,Aug'16
1461,95,Aug'16
1462,153,Aug'16
1463,178,Aug'16
1787,63,Aug'16
1790,143,Aug'16
1867,203,Aug'16
6242,22,Aug'16
6992,235,Aug'16
1965,31,Aug'16
1866,25,Aug'16
2380,26,Aug'16
3349,3,Aug'16
3353,1,Aug'16
3352,1,Aug'16
1466,942,Aug'16
6464,319,Aug'16
3355,4,Aug'16
0027,240,Aug'16
0182,142,Aug'16
0999,177,Aug'16
1087,124,Aug'16
1088,116,Aug'16
1467,94,Aug'16
1469,178,Aug'16
1470,71,Aug'16
1868,135,Aug'16
1869,40,Aug'16
1870,22,Aug'16
1871,32,Aug'16
1873,99,Aug'16
6428,95,Aug'16
6993,50,Aug'16
1874,82,Aug'16
1872,89,Aug'16
6976,109,Aug'16
2801,45,Aug'16
3455,16,Aug'16
0015,33,Aug'16
0030,49,Aug'16
0210,68,Aug'16
1361,45,Aug'16
1362,2,Aug'16
1363,33,Aug'16
1542,85,Aug'16
1678,7,Aug'16
1983,6,Aug'16
2113,12,Aug'16
1364,14,Aug'16
2647,17,Aug'16
2603,66,Aug'16
2616,35,Aug'16
2624,2,Aug'16
2612,17,Aug'16
6994,26,Aug'16
2587,3,Aug'16
3513,18,Aug'16
6468,678,Aug'16
0005,328,Aug'16
0039,266,Aug'16
0073,48,Aug'16
0074,103,Aug'16
0321,145,Aug'16
0337,85,Aug'16
0338,74,Aug'16
0424,37,Aug'16
0508,121,Aug'16
0566,97,Aug'16
0581,31,Aug'16
0915,249,Aug'16
0985,83,Aug'16
0986,51,Aug'16
1474,67,Aug'16
1475,59,Aug'16
1477,180,Aug'16
1478,80,Aug'16
1697,49,Aug'16
1802,171,Aug'16
1875,94,Aug'16
1876,67,Aug'16
1877,148,Aug'16
1878,9,Aug'16
1967,14,Aug'16
2152,135,Aug'16
6240,121,Aug'16
6450,89,Aug'16
6451,66,Aug'16
6455,361,Aug'16
6461,83,Aug'16
6488,57,Aug'16
6493,68,Aug'16
2387,118,Aug'16
2388,69,Aug'16
2305,58,Aug'16
2391,81,Aug'16
2393,74,Aug'16
3460,52,Aug'16
2389,39,Aug'16
3692,54,Aug'16
3458,8,Aug'16
3491,47,Aug'16
3368,18,Aug'16
3372,20,Aug'16
3378,20,Aug'16
1966,2,Aug'16
3376,4,Aug'16
2392,2,Aug'16
3365,6,Aug'16
3373,1,Aug'16
3375,8,Aug'16
3461,5,Aug'16
1727,5,Aug'16
3246,3,Aug'16
3257,1,Aug'16
3369,1,Aug'16
3850,6,Aug'16
0339,209,Aug'16
6533,297,Aug'16
6534,326,Aug'16
6535,226,Aug'16
6537,208,Aug'16
6540,318,Aug'16
3390,1,Aug'16
6460,233,Aug'16
3456,51,Aug'16
0199,901,Aug'16
1392,402,Aug'16
2525,269,Aug'16
3393,1,Aug'16
0023,117,Aug'16
0226,56,Aug'16
1140,28,Aug'16
1141,101,Aug'16
1142,31,Aug'16
1365,37,Aug'16
1366,38,Aug'16
1729,47,Aug'16
2156,35,Aug'16
2651,16,Aug'16
2589,30,Aug'16
2629,6,Aug'16
3501,18,Aug'16
1080,543,Aug'16
1097,144,Aug'16
1415,7,Aug'16
2794,19,Aug'16
2793,7,Aug'16
0047,135,Aug'16
0053,105,Aug'16
0078,88,Aug'16
0159,287,Aug'16
0169,144,Aug'16
0204,366,Aug'16
0251,65,Aug'16
0252,116,Aug'16
0269,83,Aug'16
0287,63,Aug'16
0296,134,Aug'16
0297,76,Aug'16
0357,89,Aug'16
0359,62,Aug'16
0360,2,Aug'16
0401,53,Aug'16
0411,58,Aug'16
0583,233,Aug'16
0601,54,Aug'16
0604,118,Aug'16
0937,156,Aug'16
0938,68,Aug'16
1007,50,Aug'16
1008,49,Aug'16
1009,116,Aug'16
1075,57,Aug'16
1417,82,Aug'16
1418,89,Aug'16
1421,14,Aug'16
1851,119,Aug'16
1937,54,Aug'16
2178,101,Aug'16
2191,153,Aug'16
2301,103,Aug'16
6252,76,Aug'16
6253,52,Aug'16
6254,116,Aug'16
1935,28,Aug'16
2325,71,Aug'16
2723,47,Aug'16
2317,70,Aug'16
2637,78,Aug'16
2726,27,Aug'16
2336,34,Aug'16
1850,79,Aug'16
2337,32,Aug'16
2340,25,Aug'16
0299,51,Aug'16
6560,12,Aug'16
2322,67,Aug'16
2320,43,Aug'16
2323,42,Aug'16
2324,39,Aug'16
2329,28,Aug'16
2330,77,Aug'16
2331,79,Aug'16
2339,96,Aug'16
2318,38,Aug'16
3436,24,Aug'16
2334,71,Aug'16
2327,14,Aug'16
3441,21,Aug'16
2332,3,Aug'16
2335,50,Aug'16
3438,12,Aug'16
3695,12,Aug'16
3440,2,Aug'16
0014,83,Aug'16
0561,27,Aug'16
1153,33,Aug'16
1154,32,Aug'16
6562,17,Aug'16
2418,20,Aug'16
0156,682,Aug'16
1556,686,Aug'16
6608,431,Aug'16
0741,706,Aug'16
0152,153,Aug'16
0560,217,Aug'16
1429,119,Aug'16
1722,991,Aug'16
6255,367,Aug'16
0084,3,Aug'16
0301,598,Aug'16
1094,44,Aug'16
0559,30,Aug'16
1432,34,Aug'16
0072,9,Aug'16
1063,47,Aug'16
0010,34,Aug'16
0223,22,Aug'16
0277,34,Aug'16
0289,40,Aug'16
0549,43,Aug'16
0742,35,Aug'16
0743,51,Aug'16
0919,55,Aug'16
0940,32,Aug'16
1029,32,Aug'16
1053,3,Aug'16
1110,42,Aug'16
1159,33,Aug'16
1160,20,Aug'16
1161,32,Aug'16
1162,50,Aug'16
1691,51,Aug'16
6264,30,Aug'16
1950,16,Aug'16
2579,20,Aug'16
2662,16,Aug'16
1951,7,Aug'16
2483,14,Aug'16
2685,35,Aug'16
2673,17,Aug'16
2683,8,Aug'16
6351,18,Aug'16
2484,13,Aug'16
2674,29,Aug'16
0523,70,Aug'16
0744,23,Aug'16
2652,26,Aug'16
2663,26,Aug'16
0181,56,Aug'16
0462,50,Aug'16
0745,27,Aug'16
1168,29,Aug'16
1169,40,Aug'16
1758,30,Aug'16
2660,20,Aug'16
3237,4,Aug'16
0220,152,Aug'16
1170,136,Aug'16
2676,19,Aug'16
0990,69,Aug'16
1636,66,Aug'16
6266,11,Aug'16
6348,13,Aug'16
2487,26,Aug'16
2582,29,Aug'16
2636,10,Aug'16
2653,26,Aug'16
2670,36,Aug'16
2671,8,Aug'16
3233,2,Aug'16
0746,18,Aug'16
0941,32,Aug'16
1171,48,Aug'16
1952,13,Aug'16
2003,26,Aug'16
2124,39,Aug'16
6267,12,Aug'16
6271,13,Aug'16
2664,12,Aug'16
3236,1,Aug'16
0221,73,Aug'16
0444,31,Aug'16
0603,115,Aug'16
0747,27,Aug'16
0748,62,Aug'16
1172,35,Aug'16
1853,28,Aug'16
1938,82,Aug'16
6265,75,Aug'16
2672,113,Aug'16
2490,43,Aug'16
2654,41,Aug'16
2488,21,Aug'16
2489,69,Aug'16
2667,28,Aug'16
0218,45,Aug'16
0219,65,Aug'16
0222,5,Aug'16
0749,37,Aug'16
0750,63,Aug'16
0942,30,Aug'16
1167,49,Aug'16
2600,123,Aug'16
2666,69,Aug'16
2656,29,Aug'16
2680,34,Aug'16
0262,31,Aug'16
0635,8,Aug'16
1173,42,Aug'16
1174,43,Aug'16
1854,15,Aug'16
2108,4,Aug'16
2509,15,Aug'16
2628,14,Aug'16
2661,35,Aug'16
2668,21,Aug'16
2677,46,Aug'16
2482,7,Aug'16
0216,19,Aug'16
0751,47,Aug'16
1175,23,Aug'16
2039,22,Aug'16
2107,34,Aug'16
6269,24,Aug'16
6272,17,Aug'16
2585,34,Aug'16
0336,50,Aug'16
0389,17,Aug'16
0752,23,Aug'16
0753,112,Aug'16
0866,35,Aug'16
1177,22,Aug'16
1178,20,Aug'16
1179,38,Aug'16
1180,20,Aug'16
1433,35,Aug'16
1855,22,Aug'16
6262,25,Aug'16
1856,19,Aug'16
2533,23,Aug'16
2655,15,Aug'16
2658,27,Aug'16
2669,54,Aug'16
2679,29,Aug'16
2684,31,Aug'16
2686,28,Aug'16
2534,6,Aug'16
0180,43,Aug'16
0217,41,Aug'16
0754,42,Aug'16
0755,35,Aug'16
0756,49,Aug'16
1093,17,Aug'16
1186,29,Aug'16
1187,28,Aug'16
2615,11,Aug'16
1954,8,Aug'16
2535,18,Aug'16
2681,13,Aug'16
0757,50,Aug'16
1620,85,Aug'16
0215,48,Aug'16
0606,31,Aug'16
0939,28,Aug'16
1157,11,Aug'16
1158,69,Aug'16
1527,28,Aug'16
1757,27,Aug'16
2657,103,Aug'16
2586,63,Aug'16
0001,118,Aug'16
0054,40,Aug'16
0077,126,Aug'16
0212,64,Aug'16
0232,27,Aug'16
0276,47,Aug'16
0350,37,Aug'16
0385,33,Aug'16
0395,51,Aug'16
0574,23,Aug'16
0577,94,Aug'16
0970,166,Aug'16
1040,50,Aug'16
1062,86,Aug'16
1543,91,Aug'16
1544,76,Aug'16
1545,65,Aug'16
1683,136,Aug'16
1684,22,Aug'16
1686,131,Aug'16
1687,95,Aug'16
1897,63,Aug'16
1898,37,Aug'16
1899,181,Aug'16
1900,62,Aug'16
1901,50,Aug'16
2185,36,Aug'16
2186,122,Aug'16
6020,28,Aug'16
6022,98,Aug'16
6023,61,Aug'16
6025,131,Aug'16
6026,56,Aug'16
6027,61,Aug'16
6028,22,Aug'16
6033,104,Aug'16
6036,62,Aug'16
6038,41,Aug'16
2184,82,Aug'16
2343,54,Aug'16
2347,34,Aug'16
2781,48,Aug'16
2345,30,Aug'16
2778,91,Aug'16
2780,85,Aug'16
6609,31,Aug'16
2346,48,Aug'16
2349,66,Aug'16
2351,12,Aug'16
2190,32,Aug'16
3216,40,Aug'16
2694,43,Aug'16
2789,17,Aug'16
3432,57,Aug'16
3524,52,Aug'16
3540,18,Aug'16
2352,58,Aug'16
3221,24,Aug'16
3224,5,Aug'16
3658,17,Aug'16
3219,12,Aug'16
3227,21,Aug'16
6604,5,Aug'16
0016,304,Aug'16
0033,765,Aug'16
0342,336,Aug'16
0587,295,Aug'16
1548,424,Aug'16
1549,232,Aug'16
1550,210,Aug'16
2041,86,Aug'16
2140,38,Aug'16
2142,89,Aug'16
2189,109,Aug'16
6053,223,Aug'16
6152,262,Aug'16
2432,62,Aug'16
3505,42,Aug'16
1903,1554,Aug'16
6098,300,Aug'16
6149,1026,Aug'16
6151,1038,Aug'16
6186,1279,Aug'16
6212,635,Aug'16
0803,408,Aug'16
6058,489,Aug'16
1552,264,Aug'16
6062,481,Aug'16
6607,38,Aug'16
2049,648,Aug'16
6095,1389,Aug'16
2501,72,Aug'16
0996,652,Aug'16
6072,170,Aug'16
0563,49,Aug'16
6003,239,Aug'16
6004,290,Aug'16
6006,418,Aug'16
6009,1049,Aug'16
6011,401,Aug'16
6013,526,Aug'16
6016,295,Aug'16
6017,428,Aug'16
0562,174,Aug'16
6094,563,Aug'16
0805,610,Aug'16
0354,98,Aug'16
1558,80,Aug'16
6114,566,Aug'16
6116,666,Aug'16
1060,586,Aug'16
1906,324,Aug'16
6119,787,Aug'16
2792,13,Aug'16
6054,344,Aug'16
6069,407,Aug'16
6071,247,Aug'16
6081,576,Aug'16
6128,1973,Aug'16
0275,131,Aug'16
1546,188,Aug'16
1560,115,Aug'16
1561,106,Aug'16
6035,98,Aug'16
2692,36,Aug'16
1902,102,Aug'16
2539,46,Aug'16
2707,69,Aug'16
2696,88,Aug'16
2410,103,Aug'16
2697,58,Aug'16
2702,125,Aug'16
6139,370,Aug'16
6153,568,Aug'16
2540,444,Aug'16
0568,473,Aug'16
1562,220,Aug'16
1563,205,Aug'16
6125,168,Aug'16
6132,336,Aug'16
6134,252,Aug'16
6204,289,Aug'16
6610,104,Aug'16
6135,738,Aug'16
2536,279,Aug'16
1909,311,Aug'16
1910,273,Aug'16
6143,429,Aug'16
1631,20,Aug'16
6115,220,Aug'16
6172,143,Aug'16
0056,207,Aug'16
1504,459,Aug'16
1892,553,Aug'16
6233,972,Aug'16
1061,1279,Aug'16
6154,1084,Aug'16
6611,349,Aug'16
2538,235,Aug'16
0398,75,Aug'16
0519,61,Aug'16
0804,111,Aug'16
1039,64,Aug'16
1082,70,Aug'16
1393,132,Aug'16
1554,40,Aug'16
2690,134,Aug'16
2699,74,Aug'16
6037,49,Aug'16
6066,655,Aug'16
2700,52,Aug'16
2408,121,Aug'16
2687,61,Aug'16
1904,317,Aug'16
2693,67,Aug'16
2706,78,Aug'16
2159,103,Aug'16
2510,67,Aug'16
2348,30,Aug'16
2704,20,Aug'16
3534,25,Aug'16
2698,100,Aug'16
3535,32,Aug'16
2708,56,Aug'16
3433,21,Aug'16
3218,7,Aug'16
3533,1,Aug'16
3185,7,Aug'16
3217,11,Aug'16
3229,14,Aug'16
3184,249,Aug'16
0187,15,Aug'16
0305,12,Aug'16
0455,1,Aug'16
0485,16,Aug'16
0969,2,Aug'16
1295,12,Aug'16
1534,189,Aug'16
1535,30,Aug'16
1540,124,Aug'16
6097,1,Aug'16
6601,33,Aug'16
6677,30,Aug'16
6719,4,Aug'16
6872,6,Aug'16
0000,2,Aug'16
0673,3365,Aug'16
2004,947,Aug'16
3631,232,Aug'16
3771,165,Aug'16
3755,135,Aug'16
3758,119,Aug'16
0441,757,Aug'16
0483,1381,Aug'16
0677,1596,Aug'16
0678,1696,Aug'16
1979,1407,Aug'16
2024,529,Aug'16
3628,361,Aug'16
3778,264,Aug'16
0589,954,Aug'16
0679,3111,Aug'16
2805,987,Aug'16
3583,560,Aug'16
3770,177,Aug'16
0683,3714,Aug'16
2808,1034,Aug'16
3629,550,Aug'16
3632,563,Aug'16
0611,619,Aug'16
0686,1297,Aug'16
1797,498,Aug'16
1982,631,Aug'16
3630,369,Aug'16
3774,128,Aug'16
3759,111,Aug'16
0279,1948,Aug'16
0687,2086,Aug'16
0688,1556,Aug'16
1310,680,Aug'16
0689,4016,Aug'16
0920,1532,Aug'16
1311,2946,Aug'16
3514,1156,Aug'16
3799,245,Aug'16
3777,265,Aug'16
0690,2763,Aug'16
0691,2823,Aug'16
0836,1991,Aug'16
1312,1501,Aug'16
2806,1395,Aug'16
2807,1318,Aug'16
3633,421,Aug'16
3801,202,Aug'16
3800,547,Aug'16
0695,1481,Aug'16
0696,2626,Aug'16
3769,337,Aug'16
0697,2643,Aug'16
0698,2006,Aug'16
1793,645,Aug'16
0692,1198,Aug'16
0693,1309,Aug'16
0694,1207,Aug'16
0699,1133,Aug'16
3780,276,Aug'16
0701,1355,Aug'16
0703,2277,Aug'16
0921,4945,Aug'16
0440,791,Aug'16
0534,1527,Aug'16
0705,571,Aug'16
3787,154,Aug'16
0676,1300,Aug'16
0535,1762,Aug'16
3798,357,Aug'16
3779,126,Aug'16
0176,150,Aug'16
6497,41,Aug'16
6501,715,Aug'16
6502,605,Aug'16
6505,1305,Aug'16
6510,93,Aug'16
6514,1300,Aug'16
6516,105,Aug'16
6517,155,Aug'16
6518,102,Aug'16
6522,979,Aug'16
6523,511,Aug'16
6524,610,Aug'16
2815,320,Aug'16
2417,149,Aug'16
3842,65,Aug'16
3783,214,Aug'16
1073,577,Aug'16
1092,1368,Aug'16
1423,17,Aug'16
3644,428,Aug'16
0738,94,Aug'16
6506,269,Aug'16
6508,796,Aug'16
3646,407,Aug'16
0739,1125,Aug'16
1011,1367,Aug'16
1424,222,Aug'16
1155,202,Aug'16
1734,216,Aug'16
0157,769,Aug'16
0170,562,Aug'16
1425,242,Aug'16
1426,135,Aug'16
6499,474,Aug'16
6520,671,Aug'16
0458,314,Aug'16
0521,966,Aug'16
1010,618,Aug'16
2544,163,Aug'16
1059,1653,Aug'16
2813,529,Aug'16
0522,1330,Aug'16
2816,786,Aug'16
0479,386,Aug'16
0487,395,Aug'16
0478,1270,Aug'16
1852,222,Aug'16
0865,1649,Aug'16
1427,619,Aug'16
2814,624,Aug'16
0445,1264,Aug'16
0482,508,Aug'16
3643,155,Aug'16
3839,52,Aug'16
3838,27,Aug'16
1414,304,Aug'16
1416,889,Aug'16
3641,554,Aug'16
3841,113,Aug'16
1076,549,Aug'16
1431,294,Aug'16
0531,116,Aug'16
1472,394,Aug'16
1735,433,Aug'16
3527,58,Aug'16
0532,211,Aug'16
1413,683,Aug'16
6498,312,Aug'16
6500,715,Aug'16
6507,347,Aug'16
6509,239,Aug'16
6515,1098,Aug'16
6519,277,Aug'16
3645,209,Aug'16
0613,504,Aug'16
3840,83,Aug'16
3781,81,Aug'16
3782,33,Aug'16
0768,1332,Aug'16
1095,136,Aug'16
1451,863,Aug'16
1452,1186,Aug'16
1998,1444,Aug'16
2010,1241,Aug'16
6489,440,Aug'16
3763,120,Aug'16
3837,143,Aug'16
1863,764,Aug'16
0868,354,Aug'16
1696,751,Aug'16
1779,1296,Aug'16
2012,1912,Aug'16
3765,185,Aug'16
0495,609,Aug'16
2120,493,Aug'16
2192,1234,Aug'16
2599,1128,Aug'16
3766,248,Aug'16
0494,247,Aug'16
0869,672,Aug'16
1453,484,Aug'16
2028,526,Aug'16
1864,235,Aug'16
0871,1454,Aug'16
2133,1667,Aug'16
2148,2473,Aug'16
2038,942,Aug'16
0952,714,Aug'16
1102,736,Aug'16
1483,1261,Aug'16
1693,1914,Aug'16
1695,986,Aug'16
1777,1748,Aug'16
1792,379,Aug'16
1795,1096,Aug'16
2648,552,Aug'16
2817,748,Aug'16
2821,623,Aug'16
2008,1413,Aug'16
6469,1341,Aug'16
3767,61,Aug'16
0953,899,Aug'16
1458,749,Aug'16
1494,1108,Aug'16
1501,808,Aug'16
1733,978,Aug'16
6364,668,Aug'16
6365,334,Aug'16
6366,624,Aug'16
6367,1209,Aug'16
6372,252,Aug'16
6376,119,Aug'16
6377,286,Aug'16
6388,215,Aug'16
6391,864,Aug'16
6392,570,Aug'16
6398,1084,Aug'16
6400,1063,Aug'16
6401,392,Aug'16
6402,402,Aug'16
6403,487,Aug'16
2627,1031,Aug'16
1107,1904,Aug'16
2014,1844,Aug'16
2025,1645,Aug'16
1464,550,Aug'16
1465,591,Aug'16
1776,526,Aug'16
2027,215,Aug'16
6972,305,Aug'16
0769,780,Aug'16
0770,587,Aug'16
0491,1322,Aug'16
0492,875,Aug'16
1468,2531,Aug'16
1778,1528,Aug'16
1786,954,Aug'16
1789,847,Aug'16
3764,49,Aug'16
1637,1961,Aug'16
2033,1491,Aug'16
2820,2032,Aug'16
2818,733,Aug'16
2819,650,Aug'16
3762,161,Aug'16
3836,124,Aug'16
3768,152,Aug'16
0954,237,Aug'16
1106,1818,Aug'16
1473,1538,Aug'16
1476,907,Aug'16
1723,1073,Aug'16
1724,1332,Aug'16
6466,2161,Aug'16
6482,806,Aug'16
6490,646,Aug'16
3523,611,Aug'16
6421,582,Aug'16
6422,1205,Aug'16
6431,780,Aug'16
6435,447,Aug'16
0340,1785,Aug'16
1481,1299,Aug'16
1482,1556,Aug'16
1732,829,Aug'16
6424,124,Aug'16
6432,811,Aug'16
6433,1833,Aug'16
6441,1412,Aug'16
0955,1189,Aug'16
1988,1109,Aug'16
2001,487,Aug'16
2016,443,Aug'16
6356,892,Aug'16
6359,610,Aug'16
6361,450,Aug'16
6362,537,Aug'16
6363,544,Aug'16
6368,538,Aug'16
6369,346,Aug'16
6370,592,Aug'16
6373,313,Aug'16
6374,830,Aug'16
6375,1691,Aug'16
6378,626,Aug'16
6379,691,Aug'16
6380,942,Aug'16
6381,257,Aug'16
6382,212,Aug'16
6383,546,Aug'16
6384,536,Aug'16
6385,356,Aug'16
6386,415,Aug'16
6387,297,Aug'16
6393,473,Aug'16
6394,876,Aug'16
6395,260,Aug'16
6396,802,Aug'16
6397,745,Aug'16
6399,626,Aug'16
6404,1906,Aug'16
6405,239,Aug'16
6538,620,Aug'16
0493,321,Aug'16
1409,1052,Aug'16
1768,571,Aug'16
1980,158,Aug'16
1987,64,Aug'16
1991,688,Aug'16
2000,642,Aug'16
2007,491,Aug'16
2115,489,Aug'16
6452,875,Aug'16
6457,357,Aug'16
6459,567,Aug'16
6462,515,Aug'16
6476,1126,Aug'16
6477,341,Aug'16
6478,237,Aug'16
6483,400,Aug'16
6484,105,Aug'16
6487,186,Aug'16
0771,1017,Aug'16
0872,831,Aug'16
1730,745,Aug'16
1099,2014,Aug'16
2005,1479,Aug'16
2030,844,Aug'16
2132,1440,Aug'16
2136,884,Aug'16
6446,1628,Aug'16
6471,842,Aug'16
6473,1010,Aug'16
6481,1112,Aug'16
6496,3725,Aug'16
3761,88,Aug'16
3753,107,Aug'16
1890,553,Aug'16
0615,518,Aug'16
0958,1280,Aug'16
1078,992,Aug'16
1780,1264,Aug'16
3754,232,Aug'16
6179,1894,Aug'16
0659,632,Aug'16
1551,758,Aug'16
6112,948,Aug'16
6144,352,Aug'16
6194,226,Aug'16
6214,1845,Aug'16
6215,965,Aug'16
3809,191,Aug'16
1014,2735,Aug'16
6052,3341,Aug'16
6083,1691,Aug'16
6101,2172,Aug'16
6110,3362,Aug'16
6177,1472,Aug'16
6189,3506,Aug'16
6228,1756,Aug'16
6057,2046,Aug'16
2837,1451,Aug'16
1762,1188,Aug'16
6105,839,Aug'16
6147,356,Aug'16
6164,250,Aug'16
2771,363,Aug'16
0025,1609,Aug'16
1553,786,Aug'16
1557,435,Aug'16
1761,264,Aug'16
6056,801,Aug'16
6074,862,Aug'16
6207,760,Aug'16
6226,1105,Aug'16
3808,326,Aug'16
6157,349,Aug'16
2996,185,Aug'16
0802,1709,Aug'16
6091,767,Aug'16
6121,781,Aug'16
6122,961,Aug'16
6148,699,Aug'16
6180,1430,Aug'16
6183,1752,Aug'16
6205,1240,Aug'16
2998,149,Aug'16
3785,684,Aug'16
6076,639,Aug'16
6088,2457,Aug'16
6211,1327,Aug'16
1912,1197,Aug'16
3756,889,Aug'16
1759,1012,Aug'16
1760,901,Aug'16
6168,668,Aug'16
6222,946,Aug'16
0806,2191,Aug'16
6203,993,Aug'16
3655,1360,Aug'16
3656,870,Aug'16
6044,2187,Aug'16
6047,1978,Aug'16
6073,1250,Aug'16
6075,600,Aug'16
6079,443,Aug'16
6082,1202,Aug'16
6086,597,Aug'16
6093,676,Aug'16
6102,582,Aug'16
6106,557,Aug'16
6113,1327,Aug'16
6117,691,Aug'16
6118,1000,Aug'16
6158,315,Aug'16
6159,996,Aug'16
6185,1757,Aug'16
6209,847,Aug'16
3000,1124,Aug'16
3001,1263,Aug'16
6199,1107,Aug'16
6206,1623,Aug'16
0545,1817,Aug'16
6107,1798,Aug'16
6170,4222,Aug'16
6171,5015,Aug'16
0886,1084,Aug'16
1559,1028,Aug'16
6049,1377,Aug'16
6064,1323,Aug'16
6178,1131,Aug'16
6181,887,Aug'16
3544,331,Aug'16
6045,598,Aug'16
6048,501,Aug'16
6051,425,Aug'16
6061,1167,Aug'16
6065,689,Aug'16
6067,992,Aug'16
6068,232,Aug'16
6077,457,Aug'16
6078,735,Aug'16
6080,900,Aug'16
6085,402,Aug'16
6089,360,Aug'16
6096,554,Aug'16
6099,415,Aug'16
6100,356,Aug'16
6103,480,Aug'16
6104,276,Aug'16
6123,995,Aug'16
6124,1346,Aug'16
6127,570,Aug'16
6137,898,Aug'16
6169,677,Aug'16
6174,738,Aug'16
6109,1221,Aug'16
6161,978,Aug'16
3541,369,Aug'16
3542,297,Aug'16
6216,1141,Aug'16
6225,1678,Aug'16
3816,485,Aug'16
0526,1004,Aug'16
1907,820,Aug'16
6087,1447,Aug'16
6092,1951,Aug'16
6111,1252,Aug'16
6155,1012,Aug'16
6227,671,Aug'16
2283,24,Aug'16
1908,789,Aug'16
2282,149,Aug'16
2284,161,Aug'16
3820,321,Aug'16
6146,659,Aug'16
6184,1633,Aug'16
3657,588,Aug'16
6060,891,Aug'16
6090,1167,Aug'16
6108,1080,Aug'16
6126,1464,Aug'16
6129,723,Aug'16
6140,1357,Aug'16
6167,547,Aug'16
6173,1229,Aug'16
3817,600,Aug'16
1564,1167,Aug'16
6175,1011,Aug'16
6176,1416,Aug'16
6196,1850,Aug'16
2278,734,Aug'16
2116,554,Aug'16
6201,114,Aug'16
3815,481,Aug'16
0807,1557,Aug'16
1565,1324,Aug'16
6136,2180,Aug'16
6150,1759,Aug'16
6191,1382,Aug'16
6202,1224,Aug'16
1905,442,Aug'16
1913,526,Aug'16
0887,5195,Aug'16
1911,1493,Aug'16
2043,1407,Aug'16
6131,2068,Aug'16
6213,3175,Aug'16
2840,2942,Aug'16
2838,1748,Aug'16
2286,694,Aug'16
3503,980,Aug'16
3653,1459,Aug'16
3041,368,Aug'16
3043,121,Aug'16
2288,13,Aug'16
0529,403,Aug'16
2839,1052,Aug'16
3775,379,Aug'16
3009,34,Aug'16
1555,1531,Aug'16
3506,279,Aug'16
3784,440,Aug'16
0496,957,Aug'16
0989,946,Aug'16
1718,1965,Aug'16
1829,1178,Aug'16
0725,1485,Aug'16
1623,2088,Aug'16
2199,2149,Aug'16
3636,431,Aug'16
0846,784,Aug'16
1372,204,Aug'16
1373,388,Aug'16
1832,1361,Aug'16
2009,679,Aug'16
0497,2160,Aug'16
0602,1081,Aug'16
2121,746,Aug'16
3797,28,Aug'16
3806,8,Aug'16
3804,61,Aug'16
1375,8862,Aug'16
1705,2627,Aug'16
1831,2367,Aug'16
3654,2933,Aug'16
3795,125,Aug'16
3757,40,Aug'16
0466,1664,Aug'16
1720,1279,Aug'16
1703,2170,Aug'16
1704,2420,Aug'16
3637,821,Aug'16
3638,339,Aug'16
1379,755,Aug'16
1707,1162,Aug'16
1712,1500,Aug'16
2157,1376,Aug'16
0847,672,Aug'16
2020,942,Aug'16
3639,135,Aug'16
0429,370,Aug'16
0442,1048,Aug'16
1403,588,Aug'16
3725,240,Aug'16
1377,600,Aug'16
2810,273,Aug'16
0380,625,Aug'16
1834,1046,Aug'16
3796,23,Aug'16
0486,1693,Aug'16
1184,2721,Aug'16
1708,3835,Aug'16
1981,800,Aug'16
2110,850,Aug'16
0452,2295,Aug'16
0849,1697,Aug'16
1719,1708,Aug'16
3640,579,Aug'16
3634,865,Aug'16
0459,861,Aug'16
1384,1007,Aug'16
1395,566,Aug'16
2812,236,Aug'16
1706,3037,Aug'16
1711,2084,Aug'16
3635,983,Aug'16
3401,274,Aug'16
1840,884,Aug'16
1986,343,Aug'16
2029,1293,Aug'16
2131,1103,Aug'16
2809,75,Aug'16
3812,173,Aug'16
1397,677,Aug'16
6551,495,Aug'16
2811,526,Aug'16
3824,197,Aug'16
1434,1425,Aug'16
0490,906,Aug'16
6583,1103,Aug'16
3829,225,Aug'16
3828,39,Aug'16
0943,1613,Aug'16
1738,1164,Aug'16
2591,884,Aug'16
1191,315,Aug'16
6566,61,Aug'16
1739,626,Aug'16
3827,51,Aug'16
2577,1750,Aug'16
3585,407,Aug'16
3650,379,Aug'16
0512,1015,Aug'16
1713,3185,Aug'16
3647,408,Aug'16
0760,1914,Aug'16
0761,1151,Aug'16
3648,614,Aug'16
0381,1406,Aug'16
0427,1275,Aug'16
1440,1178,Aug'16
1737,2826,Aug'16
2824,1023,Aug'16
1036,1378,Aug'16
3814,41,Aug'16
1442,346,Aug'16
0944,841,Aug'16
0867,1564,Aug'16
2823,869,Aug'16
3831,432,Aug'16
6584,535,Aug'16
3813,6,Aug'16
0764,463,Aug'16
2571,615,Aug'16
3649,184,Aug'16
6578,475,Aug'16
0947,922,Aug'16
2125,3645,Aug'16
2632,800,Aug'16
2825,610,Aug'16
3652,419,Aug'16
3830,204,Aug'16
0766,476,Aug'16
1446,906,Aug'16
3826,24,Aug'16
1860,800,Aug'16
6563,756,Aug'16
0481,811,Aug'16
1714,1144,Aug'16
3651,613,Aug'16
0993,812,Aug'16
0767,743,Aug'16
1716,759,Aug'16
3860,177,Aug'16
1436,402,Aug'16
6577,599,Aug'16
2549,549,Aug'16
2822,450,Aug'16
0480,527,Aug'16
1862,1378,Aug'16
3807,77,Aug'16
0498,279,Aug'16
0931,862,Aug'16
1398,191,Aug'16
6352,200,Aug'16
3595,193,Aug'16
1083,1493,Aug'16
1505,1371,Aug'16
1628,426,Aug'16
2021,333,Aug'16
2143,431,Aug'16
3570,191,Aug'16
3569,113,Aug'16
3802,119,Aug'16
1507,1081,Aug'16
3556,235,Aug'16
3835,109,Aug'16
3803,50,Aug'16
2111,340,Aug'16
0783,515,Aug'16
0784,539,Aug'16
3571,759,Aug'16
3558,235,Aug'16
0932,1052,Aug'16
2146,746,Aug'16
2828,412,Aug'16
3593,351,Aug'16
3565,180,Aug'16
3832,48,Aug'16
3810,11,Aug'16
1506,686,Aug'16
1514,329,Aug'16
1994,320,Aug'16
3834,26,Aug'16
0448,483,Aug'16
0785,361,Aug'16
1894,578,Aug'16
1993,1696,Aug'16
1997,598,Aug'16
2118,1071,Aug'16
2832,368,Aug'16
3776,25,Aug'16
3821,58,Aug'16
0501,368,Aug'16
1522,137,Aug'16
2830,364,Aug'16
3574,468,Aug'16
3559,171,Aug'16
3560,149,Aug'16
0859,1340,Aug'16
0933,871,Aug'16
1844,761,Aug'16
6612,294,Aug'16
3590,170,Aug'16
3818,5,Aug'16
0877,194,Aug'16
0878,200,Aug'16
1509,142,Aug'16
3575,37,Aug'16
0079,85,Aug'16
0080,259,Aug'16
0786,214,Aug'16
1513,113,Aug'16
1634,162,Aug'16
2103,56,Aug'16
2166,110,Aug'16
1402,528,Aug'16
0503,186,Aug'16
2827,293,Aug'16
3589,166,Aug'16
3772,20,Aug'16
0860,1338,Aug'16
0861,351,Aug'16
3602,106,Aug'16
3760,43,Aug'16
3788,54,Aug'16
3786,21,Aug'16
0449,189,Aug'16
1895,99,Aug'16
2724,85,Aug'16
0484,411,Aug'16
2158,663,Aug'16
2109,246,Aug'16
3586,177,Aug'16
3596,166,Aug'16
3599,362,Aug'16
0730,711,Aug'16
0731,466,Aug'16
0934,565,Aug'16
2153,340,Aug'16
3591,188,Aug'16
3588,222,Aug'16
0402,204,Aug'16
0787,279,Aug'16
0879,277,Aug'16
1516,380,Aug'16
1517,122,Aug'16
1518,376,Aug'16
1782,417,Aug'16
2017,505,Aug'16
6596,365,Aug'16
1590,736,Aug'16
2195,215,Aug'16
0446,590,Aug'16
3567,494,Aug'16
3819,64,Aug'16
3823,33,Aug'16
2788,195,Aug'16
3562,185,Aug'16
3573,99,Aug'16
3822,15,Aug'16
3789,4,Aug'16
0862,350,Aug'16
2048,304,Aug'16
2117,169,Aug'16
2042,57,Aug'16
0477,776,Aug'16
0507,393,Aug'16
0789,560,Aug'16
0967,576,Aug'16
1521,989,Aug'16
2831,539,Aug'16
3584,169,Aug'16
0732,467,Aug'16
3825,12,Aug'16
0553,259,Aug'16
0791,362,Aug'16
1523,301,Aug'16
1524,528,Aug'16
3582,125,Aug'16
0293,329,Aug'16
0518,432,Aug'16
0968,628,Aug'16
1508,510,Aug'16
1526,680,Aug'16
1781,387,Aug'16
2496,265,Aug'16
2829,472,Aug'16
3554,260,Aug'16
3561,227,Aug'16
3563,224,Aug'16
3811,33,Aug'16
0081,254,Aug'16
1520,162,Aug'16
1978,884,Aug'16
3594,397,Aug'16
0627,272,Aug'16
3592,209,Aug'16
0788,987,Aug'16
1519,641,Aug'16
1999,836,Aug'16
3555,184,Aug'16
3557,129,Aug'16
3833,41,Aug'16
3610,321,Aug'16
3564,217,Aug'16
3572,73,Aug'16
0505,612,Aug'16
1756,95,Aug'16
6810,508,Aug'16
6815,471,Aug'16
6817,60,Aug'16
6818,155,Aug'16
6820,599,Aug'16
6823,161,Aug'16
6836,459,Aug'16
6841,705,Aug'16
6845,518,Aug'16
6847,41,Aug'16
6848,245,Aug'16
6853,258,Aug'16
6793,453,Aug'16
6795,23,Aug'16
2791,256,Aug'16
0793,572,Aug'16
6895,215,Aug'16
6897,218,Aug'16
6899,283,Aug'16
6900,274,Aug'16
6902,320,Aug'16
6903,175,Aug'16
6912,112,Aug'16
6921,145,Aug'16
6926,110,Aug'16
6928,98,Aug'16
6929,288,Aug'16
6907,32,Aug'16
0643,3258,Aug'16
1754,2184,Aug'16
6854,1060,Aug'16
6855,1000,Aug'16
0644,433,Aug'16
1531,401,Aug'16
6809,746,Aug'16
6812,402,Aug'16
6869,38,Aug'16
6889,6,Aug'16
6655,446,Aug'16
6656,218,Aug'16
6660,302,Aug'16
6667,422,Aug'16
6668,564,Aug'16
6674,353,Aug'16
6675,785,Aug'16
6676,303,Aug'16
6680,240,Aug'16
6683,704,Aug'16
6688,154,Aug'16
6689,478,Aug'16
6691,455,Aug'16
0794,493,Aug'16
6722,402,Aug'16
6727,110,Aug'16
6695,11,Aug'16
0454,755,Aug'16
6859,258,Aug'16
6860,108,Aug'16
6868,639,Aug'16
6884,964,Aug'16
6893,91,Aug'16
0646,658,Aug'16
1598,782,Aug'16
6657,202,Aug'16
6659,376,Aug'16
6661,382,Aug'16
6662,461,Aug'16
6669,441,Aug'16
6678,212,Aug'16
6686,544,Aug'16
6687,184,Aug'16
6690,398,Aug'16
3710,196,Aug'16
3899,99,Aug'16
6729,647,Aug'16
3608,220,Aug'16
0795,286,Aug'16
6740,36,Aug'16
6741,317,Aug'16
6794,287,Aug'16
6735,56,Aug'16
3844,59,Aug'16
0796,336,Aug'16
1536,676,Aug'16
6896,117,Aug'16
6909,284,Aug'16
6910,44,Aug'16
6924,290,Aug'16
6944,26,Aug'16
1630,869,Aug'16
1750,1004,Aug'16
6694,875,Aug'16
6704,501,Aug'16
6723,590,Aug'16
6734,873,Aug'16
3773,85,Aug'16
3794,5,Aug'16
6696,1361,Aug'16
6712,72,Aug'16
6714,290,Aug'16
6721,1133,Aug'16
6724,412,Aug'16
6725,1231,Aug'16
1752,443,Aug'16
6728,18,Aug'16
0648,333,Aug'16
0649,695,Aug'16
0652,867,Aug'16
1753,406,Aug'16
6791,405,Aug'16
6792,82,Aug'16
6797,376,Aug'16
6798,117,Aug'16
6800,94,Aug'16
2842,501,Aug'16
3752,28,Aug'16
3790,41,Aug'16
3843,24,Aug'16
0798,700,Aug'16
6821,632,Aug'16
2835,380,Aug'16
0653,239,Aug'16
6824,320,Aug'16
2833,218,Aug'16
2836,128,Aug'16
3549,127,Aug'16
0435,507,Aug'16
6858,390,Aug'16
6865,318,Aug'16
6866,332,Aug'16
6887,429,Aug'16
1538,843,Aug'16
6705,563,Aug'16
6731,647,Aug'16
0510,1009,Aug'16
6811,360,Aug'16
6814,209,Aug'16
6816,467,Aug'16
6819,83,Aug'16
6832,289,Aug'16
6844,686,Aug'16
3609,217,Aug'16
0881,630,Aug'16
6863,965,Aug'16
0437,447,Aug'16
6867,433,Aug'16
6888,189,Aug'16
6890,287,Aug'16
3792,268,Aug'16
0517,1203,Aug'16
0882,982,Aug'16
1748,1744,Aug'16
6708,365,Aug'16
6713,714,Aug'16
6716,394,Aug'16
6717,532,Aug'16
6718,389,Aug'16
6726,142,Aug'16
3553,128,Aug'16
0801,363,Aug'16
1746,622,Aug'16
6840,237,Aug'16
6846,277,Aug'16
6849,88,Aug'16
6851,304,Aug'16
6852,478,Aug'16
3791,25,Aug'16
6670,189,Aug'16
0655,636,Aug'16
6658,164,Aug'16
6671,542,Aug'16
6672,309,Aug'16
6673,277,Aug'16
6679,458,Aug'16
6681,495,Aug'16
6682,164,Aug'16
6684,306,Aug'16
6685,438,Aug'16
6692,199,Aug'16
3552,297,Aug'16
3711,207,Aug'16
6861,470,Aug'16
6864,25,Aug'16
6885,93,Aug'16
6886,23,Aug'16
6891,12,Aug'16
6720,610,Aug'16
2834,635,Aug'16
1541,310,Aug'16
6802,456,Aug'16
6803,289,Aug'16
6850,305,Aug'16
6796,143,Aug'16
6799,112,Aug'16
6898,160,Aug'16
6901,480,Aug'16
6904,398,Aug'16
6905,301,Aug'16
6906,144,Aug'16
6911,1083,Aug'16
6913,744,Aug'16
6914,202,Aug'16
6916,324,Aug'16
6917,110,Aug'16
6918,1,Aug'16
6922,208,Aug'16
6923,226,Aug'16
6925,545,Aug'16
6930,124,Aug'16
